hyper_param,mean,std,count,robust_score
param.mixed_replay_ratio,0.5508766568897144,0.338694986203778,3,0.3815291637878254
param.critic_lr,0.1850060659160432,0.06549386936496693,3,0.15225913123355975
param.replay_recent_size,0.15316267919313006,0.09656551758729928,3,0.10487992039948042
param.ucb_beta,0.11126863893756955,0.029170650579385636,3,0.09668331364787673
param.bootstrap_p,0.11393366824544497,0.04029745296244058,3,0.09378494176422468
param.ucb_beta_final,0.10262162759754069,0.03171663485507107,3,0.08676331017000516
param.cem_elite_frac,0.08781927377169779,0.011150724844022427,3,0.08224391134968657
param.cem_init_std,0.09612754079899555,0.045457495619695115,3,0.07339879298914799
param.cem_pop,0.022647054582893008,0.008573529180446543,3,0.018360289992669736
param.cem_iters,0.01919567772525755,0.007350800115848434,3,0.015520277667333333
