{
  "generated_at": "2025-12-18T15:27:43",
  "image_size_px": {
    "width": 1920,
    "height": 1080
  },
  "pixels_per_cm": 6.5,
  "holes": [
    {
      "id": 0,
      "center_px": [
        1477,
        781
      ],
      "radius_px": 32.40766143798828,
      "diameter_cm": 9.971588134765625
    },
    {
      "id": 1,
      "center_px": [
        1587,
        606
      ],
      "radius_px": 32.42087936401367,
      "diameter_cm": 9.975655188927284
    },
    {
      "id": 2,
      "center_px": [
        1584,
        399
      ],
      "radius_px": 32.468814849853516,
      "diameter_cm": 9.990404569185698
    },
    {
      "id": 3,
      "center_px": [
        1470,
        244
      ],
      "radius_px": 30.083316802978516,
      "diameter_cm": 9.256405170147236
    }
  ]
}