{
  "generated_at": "2026-02-10T14:10:05",
  "image_size_px": {
    "width": 1920,
    "height": 1080
  },
  "pixels_per_cm": 6.5,
  "holes": [
    {
      "id": 0,
      "center_px": [
        1479,
        783
      ],
      "radius_px": 32.014564514160156,
      "diameter_cm": 9.850635235126202
    },
    {
      "id": 1,
      "center_px": [
        1587,
        608
      ],
      "radius_px": 31.88612937927246,
      "diameter_cm": 9.811116732083834
    },
    {
      "id": 2,
      "center_px": [
        1582,
        401
      ],
      "radius_px": 32.453041076660156,
      "diameter_cm": 9.985551100510817
    }
  ]
}