{
  "generated_at": "2025-12-28T18:39:13",
  "image_size_px": {
    "width": 1920,
    "height": 1080
  },
  "pixels_per_cm": 6.5,
  "holes": [
    {
      "id": 0,
      "center_px": [
        1478,
        782
      ],
      "radius_px": 32.625335693359375,
      "diameter_cm": 10.038564828725962
    },
    {
      "id": 1,
      "center_px": [
        1588,
        606
      ],
      "radius_px": 32.300838470458984,
      "diameter_cm": 9.938719529371996
    },
    {
      "id": 2,
      "center_px": [
        1584,
        398
      ],
      "radius_px": 32.61371612548828,
      "diameter_cm": 10.034989577073317
    },
    {
      "id": 3,
      "center_px": [
        1470,
        243
      ],
      "radius_px": 29.740644454956055,
      "diameter_cm": 9.150967524601864
    }
  ]
}