{
  "generated_at": "2025-12-22T10:07:54",
  "image_size_px": {
    "width": 1920,
    "height": 1080
  },
  "pixels_per_cm": 6.5,
  "holes": [
    {
      "id": 0,
      "center_px": [
        1477,
        782
      ],
      "radius_px": 32.33234786987305,
      "diameter_cm": 9.948414729191708
    },
    {
      "id": 1,
      "center_px": [
        1587,
        607
      ],
      "radius_px": 32.06747817993164,
      "diameter_cm": 9.86691636305589
    },
    {
      "id": 2,
      "center_px": [
        1583,
        399
      ],
      "radius_px": 32.08574295043945,
      "diameter_cm": 9.87253629244291
    },
    {
      "id": 3,
      "center_px": [
        1469,
        245
      ],
      "radius_px": 29.740644454956055,
      "diameter_cm": 9.150967524601864
    }
  ]
}