{
  "generated_at": "2025-12-22T13:18:39",
  "image_size_px": {
    "width": 1920,
    "height": 1080
  },
  "pixels_per_cm": 6.5,
  "holes": [
    {
      "id": 0,
      "center_px": [
        1478,
        783
      ],
      "radius_px": 32.20323181152344,
      "diameter_cm": 9.90868671123798
    },
    {
      "id": 1,
      "center_px": [
        1588,
        608
      ],
      "radius_px": 31.950422286987305,
      "diameter_cm": 9.830899165226864
    },
    {
      "id": 2,
      "center_px": [
        1584,
        401
      ],
      "radius_px": 32.08574295043945,
      "diameter_cm": 9.87253629244291
    },
    {
      "id": 3,
      "center_px": [
        1470,
        247
      ],
      "radius_px": 29.601619720458984,
      "diameter_cm": 9.10819068321815
    }
  ]
}